symbol,side,entry_time,entry_price,quantity,score,atr,strategy,option_signal,trade_identity,underlying_symbol,strike,option_type,entry_reason,exit_time,exit_price,exit_reason,pnl,estimated_charges,net_pnl,partial_exit_count,partial_exit_events,underlying_close_at_entry
INFY.NS,BUY,2026-02-09,1497.199951171875,7,0.13018918292264997,44.54286411830357,,,INFY.NS,,,,,2026-02-11,1474.741951904297,STOP_LOSS,-157.20599487304662,16.927434800606214,-174.13342967365284,0,[],
HCLTECH.NS,BUY,2026-02-10,1573.0999755859375,7,0.03881613171165339,42.935721261160715,,,HCLTECH.NS,,,,,2026-02-11,1549.5034759521484,STOP_LOSS,-165.17549743652376,17.785565148278106,-182.96106258480185,0,[],
HCLTECH.NS,BUY,2026-02-11,1551.5999755859375,7,0.053667425648954,43.364292689732146,,,HCLTECH.NS,,,,,2026-02-12,1528.3259759521484,STOP_LOSS,-162.91799743652382,17.542484824953103,-180.46048226147693,0,[],
HCLTECH.NS,BUY,2026-02-12,1476.0999755859375,7,0.15698142561565073,47.264290945870535,,,HCLTECH.NS,,,,,2026-02-13,1423.0,STOP_LOSS,-371.6998291015625,16.41974802602661,-388.1195771275891,0,[],
TECHM.NS,BUY,2026-02-13,1534.4000244140625,5,0.08643918898654554,58.17857142857143,,,TECHM.NS,,,,,2026-02-16,1511.3840240478517,STOP_LOSS,-115.08000183105423,12.391443655962068,-127.4714454870163,0,[],
TECHM.NS,BUY,2026-02-16,1512.699951171875,5,0.19800784378105302,58.05000523158482,,,TECHM.NS,,,,,2026-02-17,1536.9031503906251,TARGET,121.01599609375057,12.507383186516796,108.50861290723378,0,[],
TECHM.NS,BUY,2026-02-17,1523.800048828125,5,0.20991853742579888,59.171439034598215,,,TECHM.NS,,,,,2026-02-18,1500.943048095703,STOP_LOSS,-114.28500366210983,12.305840815674133,-126.59084447778396,0,[],
TECHM.NS,BUY,2026-02-18,1504.800048828125,5,0.22751103255783156,59.62858363560268,,,TECHM.NS,,,,,2026-02-19,1482.2280480957031,STOP_LOSS,-112.86000366210942,12.152401408924133,-125.01240507103356,0,[],
TECHM.NS,BUY,2026-02-19,1479.300048828125,5,0.22286360602364527,61.27858189174107,,,TECHM.NS,,,,,2026-02-20,1457.110548095703,STOP_LOSS,-110.94750366210974,11.946469573549134,-122.89397323565888,0,[],
TECHM.NS,BUY,2026-02-20,1456.9000244140625,5,0.2175954916313501,60.728585379464285,,,TECHM.NS,,,,,2026-02-23,1435.0465240478516,STOP_LOSS,-109.26750183105469,11.765572391587067,-121.03307422264176,0,[],
TRENT.NS,BUY,2026-03-02,3848.5,3,0.05972573508436407,102.43572126116071,,,TRENT.NS,,,,,2026-03-04,3790.300048828125,STOP_LOSS,-174.599853515625,18.645973177917483,-193.24582669354248,0,[],
TRENT.NS,BUY,2026-03-04,3756.800048828125,3,0.12636246781302343,104.73573521205357,,,TRENT.NS,,,,,2026-03-05,3738.0160485839842,TRAILING_STOP,-56.35200073242231,18.343371365133656,-74.69537209755597,0,[],
GRASIM.NS,BUY,2026-03-04,2683.199951171875,5,0.096831845670814,63.978567940848215,,,GRASIM.NS,,,,,2026-03-05,2669.7839514160155,TRAILING_STOP,-67.07999877929751,21.835486101443905,-88.91548488074142,0,[],
TRENT.NS,BUY,2026-03-05,3790.89990234375,3,0.16128629520646484,103.00001743861607,,,TRENT.NS,,,,,2026-03-06,3734.0364038085936,STOP_LOSS,-170.5904956054692,18.36863469676604,-188.95913030223522,0,[],
GRASIM.NS,BUY,2026-03-05,2724.10009765625,4,0.028016003399443594,66.99285016741071,,,GRASIM.NS,,,,,2026-03-06,2701.5,TRAILING_STOP,-90.400390625,17.69005368908203,-108.09044431408203,0,[],
TRENT.NS,BUY,2026-03-06,3722.800048828125,3,0.16601300615317952,103.664306640625,,,TRENT.NS,,,,,2026-03-09,3608.89990234375,STOP_LOSS,-341.700439453125,17.822354432570805,-359.5227938856958,0,[],
ICICIBANK.NS,BUY,2026-03-06,1313.4000244140625,13,0.12364892709611554,24.314287458147323,,,ICICIBANK.NS,,,,,2026-03-09,1272.699951171875,STOP_LOSS,-529.1009521484375,27.23840181307007,-556.3393539615075,0,[],
TRENT.NS,BUY,2026-03-09,3689.39990234375,3,0.1662909164721813,107.04288155691964,,,TRENT.NS,,,,,2026-03-10,3749.89990234375,TARGET,181.5,18.308406352353515,163.19159364764647,0,[],
ICICIBANK.NS,BUY,2026-03-09,1278.4000244140625,11,0.15294748118829854,27.757149832589285,,,ICICIBANK.NS,,,,,2026-03-10,1298.8544248046876,TARGET,224.99840429687606,23.254291579071523,201.74411271780454,0,[],
SBIN.NS,BUY,2026-03-10,1112.199951171875,12,0.14494553157161402,26.549996512276785,,,SBIN.NS,,,,,2026-03-11,1095.5169519042968,STOP_LOSS,-200.1959912109387,21.55645903518208,-221.7524502461208,0,[],
BAJFINANCE.NS,BUY,2026-03-10,939.7999877929688,13,0.06810597133939103,23.889290945870535,,,BAJFINANCE.NS,,,,,2026-03-11,925.7029879760742,STOP_LOSS,-183.26099761962973,19.732953512399313,-202.99395113202905,0,[],
SBIN.NS,BUY,2026-03-11,1091.0999755859375,11,0.18570745989648563,27.778573172433035,,,SBIN.NS,,,,,2026-03-12,1074.7334759521484,STOP_LOSS,-180.03149597168,19.385211184708453,-199.41670715638844,0,[],
BAJFINANCE.NS,BUY,2026-03-11,893.6500244140625,12,0.16844715394396167,26.217864990234375,,,BAJFINANCE.NS,,,,,2026-03-12,880.0999755859375,STOP_LOSS,-162.6005859375,17.318398400976562,-179.91898433847655,0,[],
BAJFINANCE.NS,BUY,2026-03-12,863.0999755859375,11,0.1854791512668046,27.48929704938616,,,BAJFINANCE.NS,,,,,2026-03-13,850.1534759521484,STOP_LOSS,-142.41149597168044,15.33441084650845,-157.7459068181889,0,[],
SBIN.NS,BUY,2026-03-12,1085.199951171875,11,0.172540310059005,27.907139369419642,,,SBIN.NS,,,,,2026-03-13,1068.9219519042967,STOP_LOSS,-179.05799194336078,19.280387408866908,-198.3383793522277,0,[],
BAJFINANCE.NS,BUY,2026-03-13,855.0499877929688,11,0.237768884640407,26.896440778459823,,,BAJFINANCE.NS,,,,,2026-03-16,850.0999755859375,TRAILING_STOP,-54.45013427734375,15.29897818236267,-69.74911245970642,0,[],
SBIN.NS,BUY,2026-03-13,1047.0,10,0.23696863259178894,29.814278738839285,,,SBIN.NS,,,,,2026-03-16,1041.765,TRAILING_STOP,-52.349999999999,17.0406636585,-69.390663658499,0,[],
SBIN.NS,BUY,2026-03-16,1066.699951171875,10,0.20075438842146004,31.378566196986608,,,SBIN.NS,,,,,2026-03-17,1050.699451904297,STOP_LOSS,-160.00499267578107,17.22882186190173,-177.2338145376828,0,[],
MAXHEALTH.NS,BUY,2026-03-16,970.5999755859375,11,0.15882255325269715,27.824999128069198,,,MAXHEALTH.NS,,,,,2026-03-17,986.1295751953126,TARGET,170.8255957031256,17.655361708288478,153.17023399483713,0,[],
SBIN.NS,BUY,2026-03-17,1064.699951171875,9,0.19154754230938476,32.228567940848215,,,SBIN.NS,,,,,2026-03-19,1048.7294519042969,STOP_LOSS,-143.7344934082032,15.476866946011562,-159.21136035421478,0,[],
BAJFINANCE.NS,BUY,2026-03-17,868.5999755859375,11,0.14241178366266272,28.01430402483259,,,BAJFINANCE.NS,,,,,2026-03-18,864.2569757080078,TRAILING_STOP,-47.77299865722716,15.550785139938299,-63.32378379716546,0,[],
MAXHEALTH.NS,BUY,2026-03-18,979.7999877929688,11,0.13095744871115947,28.550005231584823,,,MAXHEALTH.NS,,,,,2026-03-19,965.1029879760742,STOP_LOSS,-161.66699798583954,17.407781236491726,-179.07477922233127,0,[],
MAXHEALTH.NS,BUY,2026-03-19,953.0999755859375,11,0.2489146314044974,29.067858014787948,,,MAXHEALTH.NS,,,,,2026-03-20,968.3495751953125,TARGET,167.74559570312465,17.337034037088475,150.40856166603618,0,[],
SBIN.NS,BUY,2026-03-19,1048.9000244140625,10,0.18855321942945705,31.214285714285715,,,SBIN.NS,,,,,2026-03-20,1065.6824248046876,TARGET,167.8240039062507,17.345137771083206,150.4788661351675,0,[],
MAXHEALTH.NS,BUY,2026-03-20,964.7999877929688,11,0.17655085723232217,29.082140241350448,,,MAXHEALTH.NS,,,,,2026-03-23,950.3279879760742,STOP_LOSS,-159.19199798584054,17.141281214241722,-176.33327920008227,0,[],
SBIN.NS,BUY,2026-03-20,1058.0,9,0.1437402371099965,32.84999302455357,,,SBIN.NS,,,,,2026-03-23,1039.0,STOP_LOSS,-171.0,15.344489970000001,-186.34448997,0,[],
MAXHEALTH.NS,BUY,2026-03-23,956.9000244140625,11,0.17101554205879685,28.978572300502233,,,MAXHEALTH.NS,,,,,2026-03-24,972.2104248046875,TARGET,168.41440429687475,17.406157505311526,151.00824679156324,0,[],
SBIN.NS,BUY,2026-03-23,1031.9000244140625,9,0.14724221192964598,34.385711669921875,,,SBIN.NS,,,,,2026-03-24,1026.7405242919922,TRAILING_STOP,-46.43550109863281,15.115410812525484,-61.550911911158295,0,[],
SBIN.NS,BUY,2026-03-24,1030.800048828125,9,0.12611546313430622,34.86427961077009,,,SBIN.NS,,,,,2026-03-25,1047.292849609375,TARGET,148.43520703125023,15.341244733229766,133.09396229802047,0,[],
MAXHEALTH.NS,BUY,2026-03-24,969.2000122070312,11,0.07364778998930387,27.699999128069198,,,MAXHEALTH.NS,,,,,2026-03-25,984.7072124023438,TARGET,170.57920214843773,17.62989616073576,152.94930598770196,0,[],
BEL.NS,BUY,2026-03-30,400.6499938964844,23,0.07493709325580478,13.45357186453683,,,BEL.NS,,,,,2026-04-01,415.0,TARGET,330.0501403808594,15.465086750486146,314.58505363037324,0,[],
SUNPHARMA.NS,BUY,2026-04-06,1694.5999755859375,6,0.058238476650696154,46.942862374441965,,,SUNPHARMA.NS,,,,,2026-04-07,1686.1269757080079,TRAILING_STOP,-50.83799926757774,16.54848608576635,-67.38648535334409,0,[],
AXISBANK.NS,BUY,2026-05-04,1275.0999755859375,11,0.04844436996305237,28.678571428571427,,,AXISBANK.NS,,,,,2026-05-05,1255.9734759521484,STOP_LOSS,-210.3914959716799,22.654278124308455,-233.04577409598835,0,[],
AXISBANK.NS,BUY,2026-05-05,1259.699951171875,11,0.08010014483737307,27.792855398995535,,,AXISBANK.NS,,,,,2026-05-06,1279.855150390625,TARGET,221.70719140625124,22.914134392416955,198.7930570138343,0,[],
ICICIBANK.NS,BUY,2026-05-05,1251.300048828125,13,0.05854304886293993,23.364301409040177,,,ICICIBANK.NS,,,,,2026-05-06,1271.320849609375,TARGET,260.2704101562506,26.899764138736334,233.37064601751425,0,[],
BEL.NS,BUY,2026-05-08,439.70001220703125,36,0.034762418457641026,8.824996948242188,,,BEL.NS,,,,,2026-05-11,433.1045120239258,STOP_LOSS,-237.43800659179647,25.566559207963444,-263.0045657997599,0,[],
ICICIBANK.NS,BUY,2026-05-11,1266.4000244140625,14,0.12851087725419583,22.100010463169642,,,ICICIBANK.NS,,,,,2026-05-12,1247.4040240478516,STOP_LOSS,-265.9440051269521,28.635993245893793,-294.5799983728459,0,[],
BEL.NS,BUY,2026-05-11,431.95001220703125,37,0.04517097963327723,8.564285278320312,,,BEL.NS,,,,,2026-05-12,425.4707620239258,STOP_LOSS,-239.73225677490268,25.813596672547142,-265.5458534474498,0,[],
ICICIBANK.NS,BUY,2026-05-12,1240.300048828125,14,0.13192129689281268,22.578578404017858,,,ICICIBANK.NS,,,,,2026-05-13,1234.0985485839844,TRAILING_STOP,-86.82100341796786,28.261461656907056,-115.08246507487492,0,[],
BEL.NS,BUY,2026-05-12,416.5,34,0.10658568845743126,9.267857142857142,,,BEL.NS,,,,,2026-05-13,423.164,TARGET,226.57599999999957,23.41734104864,203.15865895135957,0,[],
POWERGRID.NS,BUY,2026-05-13,301.5,55,0.12239304215288381,5.807137625558036,,,POWERGRID.NS,,,,,2026-05-14,306.324,TARGET,265.3200000000007,27.421655104799996,237.8983448952007,0,[],
ICICIBANK.NS,BUY,2026-05-13,1235.5999755859375,14,0.11532846379428054,22.428580147879465,,,ICICIBANK.NS,,,,,2026-05-14,1255.3695751953126,TARGET,276.7743945312509,28.605502746403516,248.16889178484737,0,[],
POWERGRID.NS,BUY,2026-05-14,301.75,54,0.09348133690266315,5.971422467912946,,,POWERGRID.NS,,,,,2026-05-15,307.79998779296875,TARGET,326.6993408203125,27.027352854371337,299.6719879659412,0,[],
AXISBANK.NS,BUY,2026-05-14,1254.5999755859375,10,0.0861351082608389,31.228567940848215,,,AXISBANK.NS,,,,,2026-05-15,1248.3269757080077,TRAILING_STOP,-62.72999877929806,20.419499722943907,-83.14949850224197,0,[],
WIPRO.NS,BUY,2026-05-15,190.0,101,0.17484002553400188,3.1978552682059154,,,WIPRO.NS,,,,,2026-05-19,193.04,TARGET,307.03999999999917,31.7335481056,275.3064518943992,0,[],
POWERGRID.NS,BUY,2026-05-15,305.8500061035156,55,0.10052486009552916,5.817849295479911,,,POWERGRID.NS,,,,,2026-05-18,296.29998779296875,STOP_LOSS,-525.2510070800781,26.830735290266418,-552.0817423703445,0,[],
POWERGRID.NS,BUY,2026-05-18,296.54998779296875,49,0.14804871308727965,6.567849295479911,,,POWERGRID.NS,,,,,2026-05-19,295.0672378540039,TRAILING_STOP,-72.65474700927734,23.650145310000077,-96.30489231927743,0,[],
POWERGRID.NS,BUY,2026-05-19,298.6000061035156,49,0.1285661121244564,6.560708182198661,,,POWERGRID.NS,,,,,2026-05-20,297.10700607299805,TRAILING_STOP,-73.15700149536133,23.81363623203121,-96.97063772739254,0,[],
POWERGRID.NS,BUY,2026-05-20,299.8999938964844,48,0.08544864831107196,6.628566196986607,,,POWERGRID.NS,,,,,2026-05-21,,END_OF_TEST,,,,0,[],
